{"lifetimeCost":1662.383935800005,"sessionCost":1659.1069368500046,"lastSaved":1772698337397}